:START_ID,:END_ID
250,401
250,402
250,405
250,406
251,407
251,408
252,409
252,410
252,411
254,415
254,416
254,417
253,419
256,420
256,422
255,426
255,427
255,428
256,429
256,430
256,431
257,432
257,433
257,437
257,438
258,440
258,441
259,442
259,443
259,444
261,448
261,449
261,453
260,456
260,460
260,464
262,465
262,466
262,469
262,470
262,471
263,474
263,475
264,477
264,480
264,481
266,484
266,487
266,493
265,496
265,498
268,500
268,501
268,502
267,503
267,504
267,509
267,510
268,512
268,513
269,515
269,520
269,521
269,522
